{"assets/images/Calendar%20Book.png":["assets/images/Calendar%20Book.png"],"assets/images/Calendar.png":["assets/images/Calendar.png"],"assets/images/Call_icon.png":["assets/images/Call_icon.png"],"assets/images/Envelope.png":["assets/images/Envelope.png"],"assets/images/GenderFemale.png":["assets/images/GenderFemale.png"],"assets/images/Group%2021.png":["assets/images/Group%2021.png"],"assets/images/Iconly-Bold-Calendar.png":["assets/images/Iconly-Bold-Calendar.png"],"assets/images/Iconly-Light-Profile.png":["assets/images/Iconly-Light-Profile.png"],"assets/images/Notification.png":["assets/images/Notification.png"],"assets/images/Path_33958.png":["assets/images/Path_33958.png"],"assets/images/Payment_confirmation@3x.png":["assets/images/Payment_confirmation@3x.png"],"assets/images/Product.png":["assets/images/Product.png"],"assets/images/UrbanService.png":["assets/images/UrbanService.png"],"assets/images/User_pro.png":["assets/images/User_pro.png"],"assets/images/Vector.png":["assets/images/Vector.png"],"assets/images/Wavy_Tech-28_Single-10.jpg":["assets/images/Wavy_Tech-28_Single-10.jpg"],"assets/images/appicon.png":["assets/images/appicon.png"],"assets/images/auction%20(1).png":["assets/images/auction%20(1).png"],"assets/images/catIcon.png":["assets/images/catIcon.png"],"assets/images/compass-with-white-needles.png":["assets/images/compass-with-white-needles.png"],"assets/images/different-squares%20(1).png":["assets/images/different-squares%20(1).png"],"assets/images/different-squares.png":["assets/images/different-squares.png"],"assets/images/direction.png":["assets/images/direction.png"],"assets/images/eshield.png":["assets/images/eshield.png"],"assets/images/eyelesh.png":["assets/images/eyelesh.png"],"assets/images/facebook.png":["assets/images/facebook.png"],"assets/images/forgetImg.png":["assets/images/forgetImg.png"],"assets/images/google.png":["assets/images/google.png"],"assets/images/heart%20(1).png":["assets/images/heart%20(1).png"],"assets/images/heart.png":["assets/images/heart.png"],"assets/images/home.png":["assets/images/home.png"],"assets/images/home2.png":["assets/images/home2.png"],"assets/images/home_dark.png":["assets/images/home_dark.png"],"assets/images/home_fill.png":["assets/images/home_fill.png"],"assets/images/home_outline.png":["assets/images/home_outline.png"],"assets/images/icon.png":["assets/images/icon.png"],"assets/images/location%20book.png":["assets/images/location%20book.png"],"assets/images/location.png":["assets/images/location.png"],"assets/images/logo.png":["assets/images/logo.png"],"assets/images/menu.png":["assets/images/menu.png"],"assets/images/menu1x.png":["assets/images/menu1x.png"],"assets/images/menu2x.png":["assets/images/menu2x.png"],"assets/images/menu3x.png":["assets/images/menu3x.png"],"assets/images/nlytical_logo.png":["assets/images/nlytical_logo.png"],"assets/images/nobooking.png":["assets/images/nobooking.png"],"assets/images/noproducts.png":["assets/images/noproducts.png"],"assets/images/noservice.png":["assets/images/noservice.png"],"assets/images/nostores.png":["assets/images/nostores.png"],"assets/images/order.png":["assets/images/order.png"],"assets/images/order2.png":["assets/images/order2.png"],"assets/images/package.png":["assets/images/package.png"],"assets/images/phone-call.png":["assets/images/phone-call.png"],"assets/images/plus-circle.png":["assets/images/plus-circle.png"],"assets/images/pro_fill.png":["assets/images/pro_fill.png"],"assets/images/pro_outline.png":["assets/images/pro_outline.png"],"assets/images/profile.png":["assets/images/profile.png"],"assets/images/profile2.png":["assets/images/profile2.png"],"assets/images/selectHome.png":["assets/images/selectHome.png"],"assets/images/service1.png":["assets/images/service1.png"],"assets/images/service2.png":["assets/images/service2.png"],"assets/images/service_fill.png":["assets/images/service_fill.png"],"assets/images/service_outline.png":["assets/images/service_outline.png"],"assets/images/shield.png":["assets/images/shield.png"],"assets/images/store.png":["assets/images/store.png"],"assets/images/store2.png":["assets/images/store2.png"],"assets/images/user.png":["assets/images/user.png"],"assets/images/world-wide-web.png":["assets/images/world-wide-web.png"],"fonts/Product-Sans-Bold-Italic.ttf":["fonts/Product-Sans-Bold-Italic.ttf"],"fonts/Product-Sans-Bold.ttf":["fonts/Product-Sans-Bold.ttf"],"fonts/Product-Sans-Italic.ttf":["fonts/Product-Sans-Italic.ttf"],"fonts/Product-Sans-Regular.ttf":["fonts/Product-Sans-Regular.ttf"],"packages/cupertino_icons/assets/CupertinoIcons.ttf":["packages/cupertino_icons/assets/CupertinoIcons.ttf"],"packages/fluttertoast/assets/toastify.css":["packages/fluttertoast/assets/toastify.css"],"packages/fluttertoast/assets/toastify.js":["packages/fluttertoast/assets/toastify.js"]}